[
  {
    "description": "  Validando deletar exemplo",
    "keyword": "Feature",
    "name": "Módulo de exemplo 2",
    "line": 1,
    "id": "módulo-de-exemplo-2",
    "tags": [],
    "uri": "apagar.feature",
    "elements": [
      {
        "id": "módulo-de-exemplo-2;criando-tarefa",
        "keyword": "Scenario",
        "line": 5,
        "name": "Criando tarefa",
        "tags": [],
        "type": "scenario",
        "steps": [
          {
            "arguments": [],
            "keyword": "Given ",
            "line": 6,
            "name": "acessei o sistema com o usuário \"admin@mrb.com\" e senha \"admin@mrb.com\"",
            "result": {
              "status": "passed",
              "duration": 4291000000
            }
          },
          {
            "arguments": [],
            "keyword": "When ",
            "line": 7,
            "name": "cliquei em \"Exemplos\"",
            "result": {
              "status": "passed",
              "duration": 769000000
            }
          },
          {
            "arguments": [],
            "keyword": "And ",
            "line": 8,
            "name": "cliquei em \"delete\"",
            "result": {
              "status": "failed",
              "duration": 4015000000,
              "error_message": "AssertionError: Timed out retrying: Expected to find element: `//*[self::Button or self::a or self::div[@role=\"button\"] or self::li[@role=\"menuitem\"]][contains(., \"delete\") or contains(@label, \"delete\") or contains(@aria-label, \"delete\") or contains(@id, \"delete\")]`, but never found it.\n    + expected - actual\n\n\n    at Object.click (http://localhost:3000/__cypress/tests?p=.cypress\\integration\\modules\\example\\apagar.feature:93:14)\n    at Context.eval (http://localhost:3000/__cypress/tests?p=.cypress\\integration\\modules\\example\\apagar.feature:224:50)\n    at Context.resolveAndRunStepDefinition (http://localhost:3000/__cypress/tests?p=.cypress\\integration\\modules\\example\\apagar.feature:12132:9)\n    at Context.eval (http://localhost:3000/__cypress/tests?p=.cypress\\integration\\modules\\example\\apagar.feature:11474:35)"
            }
          },
          {
            "arguments": [],
            "keyword": "And ",
            "line": 9,
            "name": "acionei o comando \"Sim\"",
            "result": {
              "status": "skipped"
            }
          },
          {
            "arguments": [],
            "keyword": "Then ",
            "line": 10,
            "name": "foi exibida a mensagem \"O exemplo foi deletado com sucesso!\"",
            "result": {
              "status": "skipped"
            }
          }
        ]
      }
    ]
  }
]