[
  {
    "description": "  Validando edição de tarefas",
    "keyword": "Feature",
    "name": "Módulo de editar tarefas",
    "line": 1,
    "id": "módulo-de-editar-tarefas",
    "tags": [],
    "uri": "avatar.feature",
    "elements": [
      {
        "id": "módulo-de-editar-tarefas;editando-exemplo",
        "keyword": "Scenario",
        "line": 5,
        "name": "Editando exemplo",
        "tags": [],
        "type": "scenario",
        "steps": [
          {
            "arguments": [],
            "keyword": "Given ",
            "line": 6,
            "name": "acessei o sistema com o usuário \"admin@mrb.com\" e senha \"admin@mrb.com\"",
            "result": {
              "status": "passed",
              "duration": 10225000000
            }
          },
          {
            "arguments": [],
            "keyword": "When ",
            "line": 7,
            "name": "cliquei em \"Exemplos\"",
            "result": {
              "status": "passed",
              "duration": 2243000000
            }
          },
          {
            "arguments": [],
            "keyword": "When ",
            "line": 8,
            "name": "cliquei na linha com o texto \"Texto do Título\"",
            "result": {
              "status": "passed",
              "duration": 2266000000
            }
          },
          {
            "arguments": [],
            "keyword": "And ",
            "line": 9,
            "name": "cliquei em \"Editar\"",
            "result": {
              "status": "passed",
              "duration": 2250000000
            }
          },
          {
            "arguments": [],
            "keyword": "And ",
            "line": 10,
            "name": "cliquei no botão \"Selecionar Avatar\"",
            "result": {
              "status": "passed",
              "duration": 2256000000
            }
          },
          {
            "arguments": [],
            "keyword": "And ",
            "line": 11,
            "name": "cliquei no botão \"Avatar Aleatório\"",
            "result": {
              "status": "passed",
              "duration": 2252000000
            }
          },
          {
            "arguments": [],
            "keyword": "And ",
            "line": 12,
            "name": "cliquei no botão \"Salvar Avatar\"",
            "result": {
              "status": "passed",
              "duration": 2252000000
            }
          },
          {
            "arguments": [],
            "keyword": "And ",
            "line": 13,
            "name": "acionei o comando \"Salvar\"",
            "result": {
              "status": "passed",
              "duration": 2253000000
            }
          },
          {
            "arguments": [],
            "keyword": "Then ",
            "line": 14,
            "name": "foi exibida a mensagem \"Operação realizada!O exemplo foi atualizado com sucesso!\"",
            "result": {
              "status": "failed",
              "duration": 4065000000,
              "error_message": "AssertionError: Timed out retrying after 4000ms: Expected to find element: `#message-id`, but never found it.\n    at Object.isVisible (http://localhost:3000/__cypress/tests?p=.cypress/integration/modules/example/avatar.feature:268:10)\n    at Object.verifyMessage (http://localhost:3000/__cypress/tests?p=.cypress/integration/modules/example/avatar.feature:232:19)\n    at Context.eval (http://localhost:3000/__cypress/tests?p=.cypress/integration/modules/example/avatar.feature:418:45)\n    at Context.resolveAndRunStepDefinition (http://localhost:3000/__cypress/tests?p=.cypress/integration/modules/example/avatar.feature:11984:9)\n    at Context.eval (http://localhost:3000/__cypress/tests?p=.cypress/integration/modules/example/avatar.feature:11327:35)"
            }
          }
        ]
      }
    ]
  }
]