[
  {
    "description": "  Validando edição de chips",
    "keyword": "Feature",
    "name": "Módulo de editar chips",
    "line": 1,
    "id": "módulo-de-editar-chips",
    "tags": [],
    "uri": "chips.feature",
    "elements": [
      {
        "id": "módulo-de-editar-chips;editando-exemplo",
        "keyword": "Scenario",
        "line": 5,
        "name": "Editando exemplo",
        "tags": [],
        "type": "scenario",
        "steps": [
          {
            "arguments": [],
            "keyword": "Given ",
            "line": 6,
            "name": "acessei o sistema com o usuário \"admin@mrb.com\" e senha \"admin@mrb.com\"",
            "result": {
              "status": "passed",
              "duration": 12175000000
            }
          },
          {
            "arguments": [],
            "keyword": "When ",
            "line": 7,
            "name": "cliquei em \"Exemplos\"",
            "result": {
              "status": "passed",
              "duration": 2547000000
            }
          },
          {
            "arguments": [],
            "keyword": "When ",
            "line": 8,
            "name": "cliquei na linha com o texto \"Texto do Título\"",
            "result": {
              "status": "passed",
              "duration": 2699000000
            }
          },
          {
            "arguments": [],
            "keyword": "And ",
            "line": 9,
            "name": "cliquei em \"Editar\"",
            "result": {
              "status": "passed",
              "duration": 2565000000
            }
          },
          {
            "arguments": [],
            "keyword": "And ",
            "line": 10,
            "name": "preenchi o campo \"chips\" com o valor \"testando\"",
            "result": {
              "status": "passed",
              "duration": 4917000000
            }
          },
          {
            "arguments": [],
            "keyword": "And ",
            "line": 11,
            "name": "acionei o comando \"Salvar\"",
            "result": {
              "status": "passed",
              "duration": 2616000000
            }
          },
          {
            "arguments": [],
            "keyword": "Then ",
            "line": 12,
            "name": "foi exibida a mensagem \"Operação realizada!O exemplo foi atualizado com sucesso!\"",
            "result": {
              "status": "passed",
              "duration": 1233000000
            }
          }
        ]
      }
    ]
  }
]