[
  {
    "description": "  Validando deletar exemplo",
    "keyword": "Feature",
    "name": "Módulo de exemplo 2",
    "line": 1,
    "id": "módulo-de-exemplo-2",
    "tags": [],
    "uri": "delete.feature",
    "elements": [
      {
        "id": "módulo-de-exemplo-2;criando-tarefa",
        "keyword": "Scenario",
        "line": 5,
        "name": "Criando tarefa",
        "tags": [],
        "type": "scenario",
        "steps": [
          {
            "arguments": [],
            "keyword": "Given ",
            "line": 6,
            "name": "acessei o sistema com o usuário \"admin@mrb.com\" e senha \"admin@mrb.com\"",
            "result": {
              "status": "passed",
              "duration": 14041000000
            }
          },
          {
            "arguments": [],
            "keyword": "When ",
            "line": 7,
            "name": "cliquei em \"Exemplos\"",
            "result": {
              "status": "passed",
              "duration": 2628000000
            }
          },
          {
            "arguments": [],
            "keyword": "And ",
            "line": 8,
            "name": "cliquei em \"delete\"",
            "result": {
              "status": "passed",
              "duration": 2554000000
            }
          },
          {
            "arguments": [],
            "keyword": "And ",
            "line": 9,
            "name": "acionei o comando \"Sim\"",
            "result": {
              "status": "passed",
              "duration": 2559000000
            }
          },
          {
            "arguments": [],
            "keyword": "Then ",
            "line": 10,
            "name": "foi exibida a mensagem \"Operação realizada!\"",
            "result": {
              "status": "passed",
              "duration": 1173000000
            }
          }
        ]
      }
    ]
  }
]