[
  {
    "description": "  Validando edição de conteúdo",
    "keyword": "Feature",
    "name": "Módulo de editar",
    "line": 1,
    "id": "módulo-de-editar",
    "tags": [],
    "uri": "editar.feature",
    "elements": [
      {
        "id": "módulo-de-editar;editando-exemplo",
        "keyword": "Scenario",
        "line": 5,
        "name": "Editando exemplo",
        "tags": [],
        "type": "scenario",
        "steps": [
          {
            "arguments": [],
            "keyword": "Given ",
            "line": 6,
            "name": "acessei o sistema com o usuário \"admin@mrb.com\" e senha \"admin@mrb.com\"",
            "result": {
              "status": "passed",
              "duration": 11053000000
            }
          },
          {
            "arguments": [],
            "keyword": "When ",
            "line": 7,
            "name": "cliquei em \"Exemplos\"",
            "result": {
              "status": "passed",
              "duration": 2583000000
            }
          },
          {
            "arguments": [],
            "keyword": "When ",
            "line": 8,
            "name": "cliquei na linha com o texto \"Texto do Título\"",
            "result": {
              "status": "passed",
              "duration": 2686000000
            }
          },
          {
            "arguments": [],
            "keyword": "And ",
            "line": 9,
            "name": "cliquei em \"Editar\"",
            "result": {
              "status": "passed",
              "duration": 2584000000
            }
          },
          {
            "arguments": [],
            "keyword": "And ",
            "line": 10,
            "name": "preenchi o campo \"Título\" com o valor \"Texto do Título novo\"",
            "result": {
              "status": "passed",
              "duration": 4928000000
            }
          },
          {
            "arguments": [],
            "keyword": "And ",
            "line": 11,
            "name": "preenchi o campo \"Descrição\" com o valor \"Texto da Descrição novo\"",
            "result": {
              "status": "passed",
              "duration": 4967000000
            }
          },
          {
            "arguments": [],
            "keyword": "And ",
            "line": 12,
            "name": "preenchi o campo \"Telefone\" com o valor \"31988883333\"",
            "result": {
              "status": "passed",
              "duration": 4975000000
            }
          },
          {
            "arguments": [],
            "keyword": "And ",
            "line": 13,
            "name": "preenchi o campo \"CPF\" com o valor \"06543223456\"",
            "result": {
              "status": "passed",
              "duration": 5026000000
            }
          },
          {
            "arguments": [],
            "keyword": "And ",
            "line": 14,
            "name": "acionei o comando \"Salvar\"",
            "result": {
              "status": "passed",
              "duration": 2650000000
            }
          },
          {
            "arguments": [],
            "keyword": "Then ",
            "line": 15,
            "name": "foi exibida a mensagem \"Operação realizada!O exemplo foi atualizado com sucesso!\"",
            "result": {
              "status": "passed",
              "duration": 1256000000
            }
          }
        ]
      }
    ]
  }
]