[
  {
    "description": "  Validando inserção e edição de conteúdo",
    "keyword": "Feature",
    "name": "Módulo de exemplo",
    "line": 1,
    "id": "módulo-de-exemplo",
    "tags": [],
    "uri": "example.feature",
    "elements": [
      {
        "id": "módulo-de-exemplo;criando-tarefa",
        "keyword": "Scenario",
        "line": 5,
        "name": "Criando tarefa",
        "tags": [],
        "type": "scenario",
        "steps": [
          {
            "arguments": [],
            "keyword": "Given ",
            "line": 6,
            "name": "acessei o sistema com o usuário \"admin@mrb.com\" e senha \"admin@mrb.com\"",
            "result": {
              "status": "passed",
              "duration": 11143000000
            }
          },
          {
            "arguments": [],
            "keyword": "When ",
            "line": 7,
            "name": "cliquei em \"Exemplos\"",
            "result": {
              "status": "passed",
              "duration": 2554000000
            }
          },
          {
            "arguments": [],
            "keyword": "And ",
            "line": 8,
            "name": "cliquei em \"add\"",
            "result": {
              "status": "passed",
              "duration": 2593000000
            }
          },
          {
            "arguments": [],
            "keyword": "And ",
            "line": 9,
            "name": "cliquei no botão \"Selecionar Avatar\"",
            "result": {
              "status": "passed",
              "duration": 2567000000
            }
          },
          {
            "arguments": [],
            "keyword": "And ",
            "line": 10,
            "name": "cliquei no botão \"Avatar Aleatório\"",
            "result": {
              "status": "passed",
              "duration": 2606000000
            }
          },
          {
            "arguments": [],
            "keyword": "And ",
            "line": 11,
            "name": "cliquei no botão \"Salvar Avatar\"",
            "result": {
              "status": "passed",
              "duration": 2651000000
            }
          },
          {
            "arguments": [],
            "keyword": "And ",
            "line": 12,
            "name": "preenchi o campo \"Título\" com o valor \"Texto do Título\"",
            "result": {
              "status": "passed",
              "duration": 4814000000
            }
          },
          {
            "arguments": [],
            "keyword": "And ",
            "line": 13,
            "name": "preenchi o campo \"Descrição\" com o valor \"Texto da Descrição\"",
            "result": {
              "status": "passed",
              "duration": 4836000000
            }
          },
          {
            "arguments": [],
            "keyword": "And ",
            "line": 14,
            "name": "selecionei o valor \"normal\" no campo \"Tipo\"",
            "result": {
              "status": "passed",
              "duration": 4678000000
            }
          },
          {
            "arguments": [],
            "keyword": "And ",
            "line": 15,
            "name": "preenchi o campo \"Telefone\" com o valor \"31988883333\"",
            "result": {
              "status": "passed",
              "duration": 4829000000
            }
          },
          {
            "arguments": [],
            "keyword": "And ",
            "line": 16,
            "name": "preenchi o campo \"CPF\" com o valor \"06543223456\"",
            "result": {
              "status": "passed",
              "duration": 4797000000
            }
          },
          {
            "arguments": [],
            "keyword": "And ",
            "line": 17,
            "name": "cliquei em \"addSubForm\"",
            "result": {
              "status": "passed",
              "duration": 2592000000
            }
          },
          {
            "arguments": [],
            "keyword": "And ",
            "line": 18,
            "name": "preenchi o campo \"Nome da Tarefa\" com o valor \"Nome da Tarefa\"",
            "result": {
              "status": "passed",
              "duration": 4811000000
            }
          },
          {
            "arguments": [],
            "keyword": "And ",
            "line": 19,
            "name": "preenchi o campo \"Descrição da Tarefa\" com o valor \"Descrição da Tarefa\"",
            "result": {
              "status": "passed",
              "duration": 4812000000
            }
          },
          {
            "arguments": [],
            "keyword": "And ",
            "line": 20,
            "name": "cliquei no botão de alternância \"toogleField\"",
            "result": {
              "status": "passed",
              "duration": 2566000000
            }
          },
          {
            "arguments": [],
            "keyword": "And ",
            "line": 21,
            "name": "cliquei no valor \"Doing\" no campo \"radioGroup\"",
            "result": {
              "status": "passed",
              "duration": 4617000000
            }
          },
          {
            "arguments": [],
            "keyword": "And ",
            "line": 22,
            "name": "acionei o comando \"Salvar\"",
            "result": {
              "status": "passed",
              "duration": 2579000000
            }
          },
          {
            "arguments": [],
            "keyword": "Then ",
            "line": 23,
            "name": "foi exibida a mensagem \"Operação realizada!O exemplo foi cadastrado com sucesso!\"",
            "result": {
              "status": "passed",
              "duration": 1164000000
            }
          }
        ]
      }
    ]
  }
]