[
  {
    "description": "  Validando definição de nova senha de usuário",
    "keyword": "Feature",
    "name": "Módulo de Esqueci minha senha",
    "line": 1,
    "id": "módulo-de-esqueci-minha-senha",
    "tags": [],
    "uri": "forgotPassword.feature",
    "elements": [
      {
        "id": "módulo-de-esqueci-minha-senha;fazendo-esqueci-minha-senha",
        "keyword": "Scenario",
        "line": 5,
        "name": "Fazendo esqueci minha senha",
        "tags": [],
        "type": "scenario",
        "steps": [
          {
            "arguments": [],
            "keyword": "Given ",
            "line": 6,
            "name": "acessei o sistema",
            "result": {
              "status": "passed",
              "duration": 5538000000
            }
          },
          {
            "arguments": [],
            "keyword": "When ",
            "line": 7,
            "name": "cliquei em \"Esqueci a minha senha\"",
            "result": {
              "status": "passed",
              "duration": 2548000000
            }
          },
          {
            "arguments": [],
            "keyword": "And ",
            "line": 8,
            "name": "preenchi o campo \"Email\" com o valor \"admin@mrb.com\"",
            "result": {
              "status": "passed",
              "duration": 4754000000
            }
          },
          {
            "arguments": [],
            "keyword": "And ",
            "line": 9,
            "name": "acionei o comando \"Recuperar a senha\"",
            "result": {
              "status": "passed",
              "duration": 2543000000
            }
          }
        ]
      }
    ]
  }
]