[
  {
    "description": "  Validando upload de imagem",
    "keyword": "Feature",
    "name": "Módulo de upload de imagem",
    "line": 1,
    "id": "módulo-de-upload-de-imagem",
    "tags": [],
    "uri": "imagem.feature",
    "elements": [
      {
        "id": "módulo-de-upload-de-imagem;upload-de-imagem",
        "keyword": "Scenario",
        "line": 5,
        "name": "Upload de imagem",
        "tags": [],
        "type": "scenario",
        "steps": [
          {
            "arguments": [],
            "keyword": "Given ",
            "line": 6,
            "name": "acessei o sistema com o usuário \"admin@mrb.com\" e senha \"admin@mrb.com\"",
            "result": {
              "status": "passed",
              "duration": 10493000000
            }
          },
          {
            "arguments": [],
            "keyword": "When ",
            "line": 7,
            "name": "cliquei em \"Exemplos\"",
            "result": {
              "status": "passed",
              "duration": 2271000000
            }
          },
          {
            "arguments": [],
            "keyword": "When ",
            "line": 8,
            "name": "cliquei na linha com o texto \"Texto do Título\"",
            "result": {
              "status": "passed",
              "duration": 2922000000
            }
          },
          {
            "arguments": [],
            "keyword": "And ",
            "line": 9,
            "name": "cliquei em \"Editar\"",
            "result": {
              "status": "passed",
              "duration": 2377000000
            }
          },
          {
            "arguments": [],
            "keyword": "And ",
            "line": 10,
            "name": "escolhi a imagem \"testPicture.png\" no botão \"Selecionar imagem\"",
            "result": {
              "status": "passed",
              "duration": 2134000000
          },
          {
            "arguments": [],
            "keyword": "And ",
            "line": 11,
            "name": "acionei o comando \"Salvar\"",
            "result": {
              "status": "passed",
              "duration": 2329000000
            }
          },
          {
            "arguments": [],
            "keyword": "Then ",
            "line": 12,
            "name": "foi exibida a mensagem \"Operação realizada!O exemplo foi atualizado com sucesso!\"",
            "result": {
              "status": "passed",
              "duration": 609000000
            }
          }
        ]
      }
    ]
  }
]
