[
  {
    "description": "  Validando edição de tarefas",
    "keyword": "Feature",
    "name": "Módulo de editar tarefas",
    "line": 1,
    "id": "módulo-de-editar-tarefas",
    "tags": [],
    "uri": "options.feature",
    "elements": [
      {
        "id": "módulo-de-editar-tarefas;editando-exemplo",
        "keyword": "Scenario",
        "line": 5,
        "name": "Editando exemplo",
        "tags": [],
        "type": "scenario",
        "steps": [
          {
            "arguments": [],
            "keyword": "Given ",
            "line": 6,
            "name": "acessei o sistema com o usuário \"admin@mrb.com\" e senha \"admin@mrb.com\"",
            "result": {
              "status": "passed",
              "duration": 13606000000
            }
          },
          {
            "arguments": [],
            "keyword": "When ",
            "line": 7,
            "name": "cliquei em \"Exemplos\"",
            "result": {
              "status": "passed",
              "duration": 2370000000
            }
          },
          {
            "arguments": [],
            "keyword": "When ",
            "line": 8,
            "name": "cliquei na linha com o texto \"Texto do Título\"",
            "result": {
              "status": "passed",
              "duration": 2734000000
            }
          },
          {
            "arguments": [],
            "keyword": "And ",
            "line": 9,
            "name": "cliquei em \"Editar\"",
            "result": {
              "status": "passed",
              "duration": 2347000000
            }
          },
          {
            "arguments": [],
            "keyword": "And ",
            "line": 10,
            "name": "cliquei no valor \"Doing\" no campo \"radioGroup\"",
            "result": {
              "status": "passed",
              "duration": 4466000000
            }
          },
          {
            "arguments": [],
            "keyword": "And ",
            "line": 11,
            "name": "acionei o comando \"Salvar\"",
            "result": {
              "status": "passed",
              "duration": 2435000000
            }
          },
          {
            "arguments": [],
            "keyword": "Then ",
            "line": 12,
            "name": "foi exibida a mensagem \"Operação realizada!O exemplo foi atualizado com sucesso!\"",
            "result": {
              "status": "passed",
              "duration": 880000000
            }
          }
        ]
      }
    ]
  }
]