[
  {
    "description": "  Validando signout de usuário",
    "keyword": "Feature",
    "name": "Módulo de Signout",
    "line": 1,
    "id": "módulo-de-signout",
    "tags": [],
    "uri": "signout.feature",
    "elements": [
      {
        "id": "módulo-de-signout;fazendo-signout",
        "keyword": "Scenario",
        "line": 5,
        "name": "Fazendo signOut",
        "tags": [],
        "type": "scenario",
        "steps": [
          {
            "arguments": [],
            "keyword": "Given ",
            "line": 6,
            "name": "acessei o sistema com o usuário \"admin@mrb.com\" e senha \"admin@mrb.com\"",
            "result": {
              "status": "passed",
              "duration": 11060000000
            }
          },
          {
            "arguments": [],
            "keyword": "When ",
            "line": 7,
            "name": "cliquei em \"Perfil\"",
            "result": {
              "status": "passed",
              "duration": 2581000000
            }
          },
          {
            "arguments": [],
            "keyword": "And ",
            "line": 8,
            "name": "cliquei em \"Sair\"",
            "result": {
              "status": "passed",
              "duration": 2569000000
            }
          }
        ]
      }
    ]
  }
]