[
  {
    "description": "  Validando signin de usuário",
    "keyword": "Feature",
    "name": "Módulo de SignIn",
    "line": 1,
    "id": "módulo-de-signin",
    "tags": [],
    "uri": "signin.feature",
    "elements": [
      {
        "id": "módulo-de-signin;fazendo-signin",
        "keyword": "Scenario",
        "line": 5,
        "name": "Fazendo signIn",
        "tags": [],
        "type": "scenario",
        "steps": [
          {
            "arguments": [],
            "keyword": "Given ",
            "line": 6,
            "name": "acessei o sistema com o usuário \"admin@mrb.com\" e senha \"admin@mrb.com\"",
            "result": {
              "status": "passed",
              "duration": 11031000000
            }
          },
          {
            "arguments": [],
            "keyword": "Then ",
            "line": 7,
            "name": "foi exibida a mensagem \"Acesso autorizado!Login de usuário realizado em nossa base de dados!\"",
            "result": {
              "status": "passed",
              "duration": 1124000000
            }
          }
        ]
      }
    ]
  }
]