[
  {
    "description": "  Validando edição de tarefas",
    "keyword": "Feature",
    "name": "Módulo de editar tarefas",
    "line": 1,
    "id": "módulo-de-editar-tarefas",
    "tags": [],
    "uri": "tarefas.feature",
    "elements": [
      {
        "id": "módulo-de-editar-tarefas;editando-exemplo",
        "keyword": "Scenario",
        "line": 5,
        "name": "Editando exemplo",
        "tags": [],
        "type": "scenario",
        "steps": [
          {
            "arguments": [],
            "keyword": "Given ",
            "line": 6,
            "name": "acessei o sistema com o usuário \"admin@mrb.com\" e senha \"admin@mrb.com\"",
            "result": {
              "status": "passed",
              "duration": 11026000000
            }
          },
          {
            "arguments": [],
            "keyword": "When ",
            "line": 7,
            "name": "cliquei em \"Exemplos\"",
            "result": {
              "status": "passed",
              "duration": 2569000000
            }
          },
          {
            "arguments": [],
            "keyword": "When ",
            "line": 8,
            "name": "cliquei na linha com o texto \"Texto do Título\"",
            "result": {
              "status": "passed",
              "duration": 2680000000
            }
          },
          {
            "arguments": [],
            "keyword": "And ",
            "line": 9,
            "name": "cliquei em \"Editar\"",
            "result": {
              "status": "passed",
              "duration": 2586000000
            }
          },
          {
            "arguments": [],
            "keyword": "And ",
            "line": 10,
            "name": "cliquei em \"addSubForm\"",
            "result": {
              "status": "passed",
              "duration": 2600000000
            }
          },
          {
            "arguments": [],
            "keyword": "And ",
            "line": 11,
            "name": "preenchi o campo \"Nome da Tarefa\" com o valor \"Nome T\"",
            "result": {
              "status": "passed",
              "duration": 4889000000
            }
          },
          {
            "arguments": [],
            "keyword": "And ",
            "line": 12,
            "name": "preenchi o campo \"Descrição da Tarefa\" com o valor \"Descrevendo\"",
            "result": {
              "status": "passed",
              "duration": 4924000000
            }
          },
          {
            "arguments": [],
            "keyword": "And ",
            "line": 13,
            "name": "acionei o comando \"Salvar\"",
            "result": {
              "status": "passed",
              "duration": 2601000000
            }
          },
          {
            "arguments": [],
            "keyword": "Then ",
            "line": 14,
            "name": "foi exibida a mensagem \"Operação realizada!O exemplo foi atualizado com sucesso!\"",
            "result": {
              "status": "passed",
              "duration": 1234000000
            }
          }
        ]
      }
    ]
  }
]