[
  {
    "description": "  Validando inserção e edição de conteúdo",
    "keyword": "Feature",
    "name": "Lista de Tarefas",
    "line": 1,
    "id": "lista-de-tarefas",
    "tags": [],
    "uri": "todo.feature",
    "elements": [
      {
        "id": "lista-de-tarefas;criando-tarefa",
        "keyword": "Scenario",
        "line": 5,
        "name": "Criando tarefa",
        "tags": [],
        "type": "scenario",
        "steps": [
          {
            "arguments": [],
            "keyword": "Given ",
            "line": 6,
            "name": "acessei o sistema com o usuário \"admin@mrb.com\" e senha \"admin@mrb.com\"",
            "result": {
              "status": "passed",
              "duration": 5462000000
            }
          },
          {
            "arguments": [],
            "keyword": "When ",
            "line": 7,
            "name": "cliquei em \"Exemplos\"",
            "result": {
              "status": "passed",
              "duration": 744000000
            }
          },
          {
            "arguments": [],
            "keyword": "And ",
            "line": 8,
            "name": "cliquei em \"add\"",
            "result": {
              "status": "passed",
              "duration": 857000000
            }
          },
          {
            "arguments": [],
            "keyword": "And ",
            "line": 9,
            "name": "preenchi o campo \"Título\" com o valor \"Texto do Título\"",
            "result": {
              "status": "passed",
              "duration": 1165000000
            }
          },
          {
            "arguments": [],
            "keyword": "And ",
            "line": 10,
            "name": "preenchi o campo \"Descrição\" com o valor \"Testo da Descrição\"",
            "result": {
              "status": "passed",
              "duration": 1000000000
            }
          },
          {
            "arguments": [],
            "keyword": "And ",
            "line": 11,
            "name": "preenchi o campo \"Telefone\" com o valor \"31988883333\"",
            "result": {
              "status": "passed",
              "duration": 704000000
            }
          },
          {
            "arguments": [],
            "keyword": "And ",
            "line": 12,
            "name": "preenchi o campo \"CPF\" com o valor \"06543223456\"",
            "result": {
              "status": "passed",
              "duration": 705000000
            }
          },
          {
            "arguments": [],
            "keyword": "And ",
            "line": 13,
            "name": "acionei o comando \"Salvar\"",
            "result": {
              "status": "passed",
              "duration": 718000000
            }
          },
          {
            "arguments": [],
            "keyword": "Then ",
            "line": 14,
            "name": "foi exibida a mensagem \"O exemplo foi cadastrado com sucesso!\"",
            "result": {
              "status": "passed",
              "duration": 125000000
            }
          }
        ]
      }
    ]
  }
]