[
  {
    "description": "  Validando login e logout de usuário",
    "keyword": "Feature",
    "name": "Módulo de Login e Logout",
    "line": 1,
    "id": "módulo-de-login-e-logout",
    "tags": [],
    "uri": "userprofile.feature",
    "elements": [
      {
        "id": "módulo-de-login-e-logout;treinamento",
        "keyword": "Scenario",
        "line": 5,
        "name": "Treinamento",
        "tags": [],
        "type": "scenario",
        "steps": [
          {
            "arguments": [],
            "keyword": "Given ",
            "line": 6,
            "name": "acessei o sistema de empresas simuladas e cliquei em login",
            "result": {
              "status": "passed",
              "duration": 2524000000
            }
          },
          {
            "arguments": [],
            "keyword": "When ",
            "line": 7,
            "name": "informei as credenciais do power ranger vermelho",
            "result": {
              "status": "passed",
              "duration": 6697000000
            }
          },
          {
            "arguments": [],
            "keyword": "And ",
            "line": 8,
            "name": "cliquei em \"menu\"",
            "result": {
              "status": "passed",
              "duration": 2303000000
            }
          },
          {
            "arguments": [],
            "keyword": "And ",
            "line": 9,
            "name": "cliquei em \"Laboratório virtual\"",
            "result": {
              "status": "passed",
              "duration": 2236000000
            }
          },
          {
            "arguments": [],
            "keyword": "And ",
            "line": 10,
            "name": "cliquei em \"ENTRAR\"",
            "result": {
              "status": "failed",
              "duration": 4025000000,
              "error_message": "AssertionError: Timed out retrying after 4000ms: Expected to find element: `//*[self::Button or self::a or self::div[@role=\"button\"] or self::li[@role=\"menuitem\"]][contains(., \"ENTRAR\") or contains(@label, \"ENTRAR\") or contains(@aria-label, \"ENTRAR\") or contains(@id, \"ENTRAR\")]`, but never found it.\n    at Object.click (https://develop.es.synergia.dcc.ufmg.br/__cypress/tests?p=.cypress/integration/modules/example/userprofile.feature:106:14)\n    at Context.eval (https://develop.es.synergia.dcc.ufmg.br/__cypress/tests?p=.cypress/integration/modules/example/userprofile.feature:331:50)\n    at Context.resolveAndRunStepDefinition (https://develop.es.synergia.dcc.ufmg.br/__cypress/tests?p=.cypress/integration/modules/example/userprofile.feature:11993:9)\n    at Context.eval (https://develop.es.synergia.dcc.ufmg.br/__cypress/tests?p=.cypress/integration/modules/example/userprofile.feature:11336:35)"
            }
          }
        ]
      }
    ]
  }
]