{
    "env": {
        "TAGS": "not @ignore"
    },
    "video": false,
    "testFiles": "**/*.{feature,features}",
    "fixturesFolder": ".cypress/fixtures",
    "integrationFolder": ".cypress/integration",
    "pluginsFile": ".cypress/plugins",
    "screenshotsFolder": ".cypress/screenshots",
    "supportFile": ".cypress/support",
    "baseUrl": "https://develop.es.synergia.dcc.ufmg.br/#/",
   "reporter": "junit",
    "reporterOptions": {
        "mochaFile": ".cypress/results/cypress-report.xml",
        "toConsole": true
    }

  }
